{"cameraMode":{"drawMode":0,"name":"Shaded","section":"Shading Mode"},"sceneLighting":true,"audioPlay":false,"sceneViewState":{"showFog":true,"showMaterialUpdate":false,"showSkybox":true,"showFlares":true,"showImageEffects":true,"showParticleSystems":true},"in2DMode":false,"pivot":{"x":17.81036376953125,"y":-1.0337049961090088,"z":8.140657424926758},"rotation":{"x":-0.005632230546325445,"y":-0.14260707795619965,"z":-0.0008115231175906956,"w":0.9897630214691162},"size":27.067495346069337,"orthographic":false}