{"cameraMode":{"drawMode":0,"name":"Shaded","section":"Shading Mode"},"sceneLighting":true,"audioPlay":false,"sceneViewState":{"showFog":true,"showMaterialUpdate":false,"showSkybox":true,"showFlares":true,"showImageEffects":true,"showParticleSystems":true},"in2DMode":false,"pivot":{"x":377.79083251953127,"y":131.6197509765625,"z":0.0},"rotation":{"x":2.1444007680671008e-10,"y":0.0014999991981312633,"z":-1.2463893849304353e-12,"w":-0.999998927116394},"size":717.6004028320313,"orthographic":false}